0000,0000,0000,0000,Normal.png
0001,0000,0001,0000,Angry.png,Crying.png,Determined.png,Dizzy.png,Happy.png,Inspired.png,Joyous.png,Normal.png,Pain.png,Sad.png,Shouting.png,Sigh.png,Special1.png,Stunned.png,Surprised.png,Teary-Eyed.png,Worried.png
0002,0000,0001,0000,Angry.png,Crying.png,Determined.png,Dizzy.png,Happy.png,Inspired.png,Joyous.png,Normal.png,Pain.png,Sad.png,Shouting.png,Sigh.png,Stunned.png,Surprised.png,Teary-Eyed.png,Worried.png
0003,0002,0000,0000,Normal.png
0003,0002,0001,0000,Normal.png
0006,0004,0000,0000,Angry.png,Crying.png,Determined.png,Dizzy.png,Happy.png,Inspired.png,Joyous.png,Normal.png,Pain.png,Sad.png,Shouting.png,Sigh.png,Special0.png,Stunned.png,Surprised.png,Teary-Eyed.png,Worried.png
0007,0000,0001,0000,Angry.png,Crying.png,Determined.png,Dizzy.png,Happy.png,Inspired.png,Joyous.png,Normal.png,Pain.png,Sad.png,Shouting.png,Sigh.png,Special1.png,Stunned.png,Surprised.png,Teary-Eyed.png,Worried.png
0008,0000,0000,0000,Angry.png,Crying.png,Determined.png,Dizzy.png,Happy.png,Inspired.png,Joyous.png,Pain.png,Sad.png,Shouting.png,Sigh.png,Stunned.png,Surprised.png,Teary-Eyed.png,Worried.png
0008,0000,0001,0000,Angry.png,Crying.png,Determined.png,Dizzy.png,Happy.png,Inspired.png,Joyous.png,Normal.png,Pain.png,Sad.png,Shouting.png,Sigh.png,Stunned.png,Surprised.png,Teary-Eyed.png,Worried.png
0011,0000,0000,0000,Angry.png,Determined.png,Dizzy.png,Inspired.png,Pain.png,Sad.png,Sigh.png,Stunned.png,Surprised.png,Teary-Eyed.png,Worried.png
0011,0000,0001,0000,Angry.png,Crying.png,Determined.png,Dizzy.png,Happy.png,Inspired.png,Joyous.png,Normal.png,Pain.png,Sad.png,Shouting.png,Sigh.png,Stunned.png,Surprised.png,Teary-Eyed.png,Worried.png
0019,0001,0000,0000,Normal.png
0019,0001,0001,0000,Normal.png
0021,0000,0000,0000,Worried.png
0022,0000,0000,0000,Angry.png,Dizzy.png,Joyous.png,Shouting.png,Surprised.png
0062,0000,0000,0000,Angry.png,Crying.png,Determined.png,Dizzy.png,Happy.png,Inspired.png,Joyous.png,Pain.png,Sad.png,Shouting.png,Sigh.png,Stunned.png,Surprised.png,Teary-Eyed.png,Worried.png
0062,0000,0001,0000,Angry.png,Crying.png,Determined.png,Dizzy.png,Happy.png,Inspired.png,Joyous.png,Normal.png,Normal^.png,Pain.png,Sad.png,Shouting.png,Sigh.png,Stunned.png,Surprised.png,Teary-Eyed.png,Worried.png
0078,0000,0000,0000,Angry.png,Crying.png,Determined.png,Dizzy.png,Happy.png,Inspired.png,Joyous.png,Pain.png,Sad.png,Shouting.png,Sigh.png,Stunned.png,Surprised.png,Teary-Eyed.png,Worried.png
0078,0000,0001,0000,Angry.png,Crying.png,Determined.png,Dizzy.png,Happy.png,Inspired.png,Joyous.png,Normal.png,Pain.png,Sad.png,Shouting.png,Sigh.png,Stunned.png,Surprised.png,Teary-Eyed.png,Worried.png
0094,0001,0001,0000,Normal.png
0116,0000,0000,0000,Angry.png,Crying.png,Determined.png,Dizzy.png,Happy.png,Inspired.png,Joyous.png,Pain.png,Sad.png,Shouting.png,Sigh.png,Stunned.png,Surprised.png,Teary-Eyed.png,Worried.png
0118,0000,0000,0000,Happy.png,Pain.png,Surprised.png,Worried.png
0118,0000,0001,0000,Happy.png,Pain.png,Surprised.png,Worried.png
0128,0002,0000,0000,Normal.png
0131,0000,0001,0000,Angry.png,Crying.png,Determined.png,Dizzy.png,Happy.png,Inspired.png,Joyous.png,Normal.png,Pain.png,Sad.png,Shouting.png,Sigh.png,Stunned.png,Surprised.png,Teary-Eyed.png,Worried.png
0132,0000,0001,0000,Angry.png,Crying.png,Determined.png,Dizzy.png,Happy.png,Inspired.png,Joyous.png,Normal.png,Pain.png,Sad.png,Shouting.png,Sigh.png,Special0.png,Stunned.png,Surprised.png,Teary-Eyed.png,Worried.png
0141,0000,0000,0000,Angry.png,Crying.png,Determined.png,Dizzy.png,Happy.png,Inspired.png,Joyous.png,Pain.png,Sad.png,Shouting.png,Sigh.png,Stunned.png,Surprised.png,Teary-Eyed.png,Worried.png
0141,0000,0001,0000,Angry.png,Crying.png,Determined.png,Dizzy.png,Happy.png,Inspired.png,Joyous.png,Normal.png,Pain.png,Sad.png,Shouting.png,Sigh.png,Stunned.png,Surprised.png,Teary-Eyed.png,Worried.png
0143,0000,0000,0000,Surprised.png
0144,0001,0000,0000,Special2.png
0150,0000,0000,0000,Angry.png,Crying.png,Determined.png,Dizzy.png,Happy.png,Inspired.png,Joyous.png,Pain.png,Sad.png,Shouting.png,Sigh.png,Special0.png,Stunned.png,Surprised.png,Teary-Eyed.png,Worried.png
0150,0000,0001,0000,Angry.png,Crying.png,Determined.png,Dizzy.png,Happy.png,Inspired.png,Joyous.png,Pain.png,Sad.png,Shouting.png,Sigh.png,Special0.png,Stunned.png,Surprised.png,Teary-Eyed.png,Worried.png
0150,0001,0000,0000,Angry.png,Crying.png,Determined.png,Dizzy.png,Happy.png,Inspired.png,Joyous.png,Normal.png,Pain.png,Sad.png,Shouting.png,Sigh.png,Stunned.png,Surprised.png,Teary-Eyed.png,Worried.png
0150,0001,0001,0000,Angry.png,Crying.png,Determined.png,Dizzy.png,Happy.png,Inspired.png,Joyous.png,Normal.png,Pain.png,Sad.png,Shouting.png,Sigh.png,Stunned.png,Surprised.png,Teary-Eyed.png,Worried.png
0150,0002,0000,0000,Angry.png,Crying.png,Determined.png,Dizzy.png,Happy.png,Inspired.png,Joyous.png,Normal.png,Pain.png,Sad.png,Shouting.png,Sigh.png,Special0.png,Stunned.png,Surprised.png,Teary-Eyed.png,Worried.png
0150,0002,0001,0000,Angry.png,Crying.png,Determined.png,Dizzy.png,Happy.png,Inspired.png,Joyous.png,Normal.png,Pain.png,Sad.png,Shouting.png,Sigh.png,Stunned.png,Surprised.png,Teary-Eyed.png,Worried.png
0150,0003,0000,0000,Normal.png,Normal^.png
0151,0000,0000,0000,Dizzy.png,Happy.png,Shouting.png
0151,0000,0001,0000,Dizzy.png,Happy.png,Shouting.png
0164,0000,0000,0000,Determined.png,Happy.png,Pain.png
0186,0000,0001,0000,Inspired.png,Normal.png,Shouting.png,Surprised.png
0186,0000,0001,0002,Normal.png
0188,0000,0000,0000,Crying.png,Joyous.png,Surprised.png
0188,0000,0001,0000,Angry.png,Crying.png,Determined.png,Dizzy.png,Happy.png,Inspired.png,Joyous.png,Normal.png,Pain.png,Sad.png,Shouting.png,Sigh.png,Stunned.png,Surprised.png,Teary-Eyed.png,Worried.png
0191,0000,0000,0000,Angry.png,Crying.png,Determined.png,Dizzy.png,Happy.png,Inspired.png,Joyous.png,Pain.png,Sad.png,Shouting.png,Sigh.png,Stunned.png,Surprised.png,Teary-Eyed.png,Worried.png
0191,0000,0001,0000,Angry.png,Crying.png,Determined.png,Dizzy.png,Happy.png,Inspired.png,Joyous.png,Normal.png,Pain.png,Sad.png,Shouting.png,Sigh.png,Special1.png,Stunned.png,Surprised.png,Teary-Eyed.png,Worried.png
0203,0000,0000,0000,Special0.png,Special1.png
0203,0000,0001,0000,Special0.png,Special1.png
0212,0000,0000,0000,Angry.png,Crying.png,Determined.png,Dizzy.png,Happy.png,Inspired.png,Joyous.png,Pain.png,Sad.png,Shouting.png,Sigh.png,Stunned.png,Surprised.png,Teary-Eyed.png,Worried.png
0215,0001,0000,0000,Angry.png,Angry^.png,Crying.png,Crying^.png,Determined.png,Determined^.png,Dizzy.png,Dizzy^.png,Happy.png,Happy^.png,Inspired.png,Inspired^.png,Joyous.png,Joyous^.png,Normal.png,Normal^.png,Pain.png,Pain^.png,Sad.png,Sad^.png,Shouting.png,Shouting^.png,Sigh.png,Sigh^.png,Stunned.png,Stunned^.png,Surprised.png,Surprised^.png,Teary-Eyed.png,Teary-Eyed^.png,Worried.png,Worried^.png
0215,0001,0001,0000,Angry.png,Angry^.png,Crying.png,Crying^.png,Determined.png,Determined^.png,Dizzy.png,Dizzy^.png,Happy.png,Happy^.png,Inspired.png,Inspired^.png,Joyous.png,Joyous^.png,Normal.png,Normal^.png,Pain.png,Pain^.png,Sad.png,Sad^.png,Shouting.png,Shouting^.png,Sigh.png,Sigh^.png,Stunned.png,Stunned^.png,Surprised.png,Surprised^.png,Teary-Eyed.png,Teary-Eyed^.png,Worried.png,Worried^.png
0215,0001,0001,0002,Angry.png,Angry^.png,Crying.png,Crying^.png,Determined.png,Determined^.png,Dizzy.png,Dizzy^.png,Happy.png,Happy^.png,Inspired.png,Inspired^.png,Joyous.png,Joyous^.png,Normal.png,Normal^.png,Pain.png,Pain^.png,Sad.png,Sad^.png,Shouting.png,Shouting^.png,Sigh.png,Sigh^.png,Stunned.png,Stunned^.png,Surprised.png,Surprised^.png,Teary-Eyed.png,Teary-Eyed^.png,Worried.png,Worried^.png
0215,0001,0000,0002,Angry.png,Angry^.png,Crying.png,Crying^.png,Determined.png,Determined^.png,Dizzy.png,Dizzy^.png,Happy.png,Happy^.png,Inspired.png,Inspired^.png,Joyous.png,Joyous^.png,Normal.png,Normal^.png,Pain.png,Pain^.png,Sad.png,Sad^.png,Shouting.png,Shouting^.png,Sigh.png,Sigh^.png,Stunned.png,Stunned^.png,Surprised.png,Surprised^.png,Teary-Eyed.png,Teary-Eyed^.png,Worried.png,Worried^.png
0229,0000,0000,0000,Special0.png
0229,0000,0001,0000,Special0.png
0244,0000,0000,0000,Angry.png,Crying.png,Determined.png,Dizzy.png,Happy.png,Inspired.png,Joyous.png,Pain.png,Sad.png,Shouting.png,Sigh.png,Stunned.png,Surprised.png,Teary-Eyed.png,Worried.png
0244,0000,0001,0000,Angry.png,Crying.png,Determined.png,Dizzy.png,Happy.png,Inspired.png,Joyous.png,Normal.png,Pain.png,Sad.png,Shouting.png,Sigh.png,Stunned.png,Surprised.png,Teary-Eyed.png,Worried.png
0248,0000,0001,0000,Angry.png,Crying.png,Determined.png,Dizzy.png,Happy.png,Inspired.png,Joyous.png,Normal.png,Pain.png,Sad.png,Shouting.png,Sigh.png,Stunned.png,Surprised.png,Teary-Eyed.png,Worried.png
0269,0000,0000,0000,Happy.png,Inspired.png,Stunned.png
0269,0000,0001,0000,Happy.png,Inspired.png,Normal.png,Stunned.png
0279,0000,0000,0000,Happy.png,Surprised.png
0282,0000,0000,0000,Angry.png,Crying.png,Determined.png,Dizzy.png,Joyous.png,Pain.png,Sad.png,Shouting.png,Special1.png,Special2.png,Stunned.png,Teary-Eyed.png
0282,0000,0001,0000,Angry.png,Crying.png,Determined.png,Dizzy.png,Happy.png,Inspired.png,Joyous.png,Normal.png,Pain.png,Sad.png,Shouting.png,Sigh.png,Special1.png,Special2.png,Stunned.png,Surprised.png,Teary-Eyed.png,Worried.png
0289,0000,0000,0000,Joyous.png,Special0.png,Worried.png
0293,0000,0001,0000,Angry.png,Crying.png,Determined.png,Dizzy.png,Happy.png,Inspired.png,Joyous.png,Pain.png,Sad.png,Shouting.png,Sigh.png,Stunned.png,Surprised.png,Teary-Eyed.png,Worried.png
0305,0000,0000,0000,Angry.png,Crying.png,Determined.png,Dizzy.png,Happy.png,Inspired.png,Joyous.png,Pain.png,Sad.png,Shouting.png,Sigh.png,Stunned.png,Surprised.png,Teary-Eyed.png,Worried.png
0305,0000,0001,0000,Angry.png,Crying.png,Determined.png,Dizzy.png,Happy.png,Inspired.png,Joyous.png,Normal.png,Pain.png,Sad.png,Shouting.png,Sigh.png,Stunned.png,Surprised.png,Teary-Eyed.png,Worried.png
0310,0000,0000,0000,Angry.png,Crying.png,Determined.png,Dizzy.png,Happy.png,Inspired.png,Joyous.png,Pain.png,Sad.png,Shouting.png,Sigh.png,Stunned.png,Surprised.png,Teary-Eyed.png,Worried.png
0310,0000,0001,0000,Angry.png,Crying.png,Determined.png,Dizzy.png,Happy.png,Inspired.png,Joyous.png,Normal.png,Pain.png,Sad.png,Shouting.png,Sigh.png,Stunned.png,Surprised.png,Teary-Eyed.png,Worried.png
0336,0000,0001,0000,Angry.png,Angry^.png,Crying.png,Crying^.png,Determined.png,Determined^.png,Dizzy.png,Dizzy^.png,Happy.png,Happy^.png,Inspired.png,Inspired^.png,Joyous.png,Joyous^.png,Normal.png,Normal^.png,Pain.png,Pain^.png,Sad.png,Sad^.png,Shouting.png,Shouting^.png,Sigh.png,Sigh^.png,Stunned.png,Stunned^.png,Surprised.png,Surprised^.png,Teary-Eyed.png,Teary-Eyed^.png,Worried.png,Worried^.png
0343,0000,0000,0000,Happy.png
0351,0003,0000,0000,Happy.png,Pain.png
0352,0000,0000,0000,Dizzy.png,Happy.png,Special0.png,Surprised.png,Teary-Eyed.png,Worried.png
0359,0001,0000,0000,Angry.png,Angry^.png,Crying.png,Crying^.png,Determined.png,Determined^.png,Dizzy.png,Dizzy^.png,Happy.png,Happy^.png,Inspired.png,Inspired^.png,Joyous.png,Joyous^.png,Normal.png,Normal^.png,Pain.png,Pain^.png,Sad.png,Sad^.png,Shouting.png,Shouting^.png,Sigh.png,Sigh^.png,Special0.png,Special0^.png,Stunned.png,Stunned^.png,Surprised.png,Surprised^.png,Teary-Eyed.png,Teary-Eyed^.png,Worried.png,Worried^.png
0359,0001,0001,0000,Angry.png,Angry^.png,Crying.png,Crying^.png,Determined.png,Determined^.png,Dizzy.png,Dizzy^.png,Happy.png,Happy^.png,Inspired.png,Inspired^.png,Joyous.png,Joyous^.png,Normal.png,Normal^.png,Pain.png,Pain^.png,Sad.png,Sad^.png,Shouting.png,Shouting^.png,Sigh.png,Sigh^.png,Special0.png,Special0^.png,Stunned.png,Stunned^.png,Surprised.png,Surprised^.png,Teary-Eyed.png,Teary-Eyed^.png,Worried.png,Worried^.png
0366,0000,0000,0000,Happy.png,Sad.png
0380,0001,0000,0000,Angry.png,Crying.png,Determined.png,Dizzy.png,Happy.png,Inspired.png,Joyous.png,Normal.png,Pain.png,Sad.png,Shouting.png,Sigh.png,Stunned.png,Surprised.png,Teary-Eyed.png,Worried.png
0380,0001,0001,0000,Angry.png,Crying.png,Determined.png,Dizzy.png,Happy.png,Inspired.png,Joyous.png,Normal.png,Pain.png,Sad.png,Shouting.png,Sigh.png,Stunned.png,Surprised.png,Teary-Eyed.png,Worried.png
0381,0001,0000,0000,Angry.png,Crying.png,Determined.png,Dizzy.png,Happy.png,Inspired.png,Joyous.png,Normal.png,Pain.png,Sad.png,Shouting.png,Sigh.png,Stunned.png,Surprised.png,Teary-Eyed.png,Worried.png
0381,0001,0001,0000,Angry.png,Crying.png,Determined.png,Dizzy.png,Happy.png,Inspired.png,Joyous.png,Normal.png,Pain.png,Sad.png,Shouting.png,Sigh.png,Stunned.png,Surprised.png,Teary-Eyed.png,Worried.png
0398,0000,0001,0000,Angry.png,Crying.png,Determined.png,Dizzy.png,Happy.png,Inspired.png,Joyous.png,Normal.png,Pain.png,Sad.png,Shouting.png,Sigh.png,Special0.png,Special3.png,Stunned.png,Surprised.png,Teary-Eyed.png,Worried.png
0405,0000,0000,0002,Determined.png,Happy.png,Stunned.png
0411,0000,0001,0000,Angry.png,Crying.png,Determined.png,Dizzy.png,Happy.png,Inspired.png,Joyous.png,Normal.png,Pain.png,Sad.png,Shouting.png,Sigh.png,Stunned.png,Surprised.png,Teary-Eyed.png,Worried.png
0417,0000,0001,0001,Angry.png,Crying.png,Determined.png,Dizzy.png,Happy.png,Inspired.png,Joyous.png,Pain.png,Sad.png,Shouting.png,Sigh.png,Stunned.png,Surprised.png,Teary-Eyed.png,Worried.png
0417,0000,0000,0001,Angry.png,Crying.png,Determined.png,Dizzy.png,Happy.png,Inspired.png,Joyous.png,Pain.png,Sad.png,Shouting.png,Sigh.png,Stunned.png,Surprised.png,Teary-Eyed.png,Worried.png
0441,0000,0000,0000,Special3.png
0441,0000,0001,0000,Angry.png,Crying.png,Determined.png,Dizzy.png,Happy.png,Inspired.png,Joyous.png,Normal.png,Pain.png,Sad.png,Shouting.png,Sigh.png,Special0.png,Special2.png,Special3.png,Stunned.png,Surprised.png,Teary-Eyed.png,Worried.png
0451,0000,0001,0000,Angry.png,Crying.png,Determined.png,Dizzy.png,Happy.png,Inspired.png,Joyous.png,Normal.png,Pain.png,Sad.png,Shouting.png,Sigh.png,Stunned.png,Surprised.png,Teary-Eyed.png,Worried.png
0452,0000,0001,0000,Angry.png,Normal.png,Pain.png,Surprised.png
0453,0000,0000,0000,Crying.png
0453,0000,0001,0000,Angry.png,Crying.png,Determined.png,Dizzy.png,Happy.png,Inspired.png,Joyous.png,Normal.png,Pain.png,Sad.png,Shouting.png,Sigh.png,Stunned.png,Surprised.png,Teary-Eyed.png,Worried.png
0453,0000,0001,0002,Angry.png,Crying.png,Determined.png,Dizzy.png,Happy.png,Inspired.png,Joyous.png,Normal.png,Pain.png,Sad.png,Shouting.png,Sigh.png,Stunned.png,Surprised.png,Teary-Eyed.png,Worried.png
0453,0000,0000,0002,Crying.png
0461,0000,0000,0000,Crying.png,Determined.png,Dizzy.png,Happy.png,Inspired.png,Joyous.png,Sad.png,Shouting.png,Sigh.png,Special1.png,Special2.png,Stunned.png,Teary-Eyed.png,Worried.png
0461,0000,0001,0000,Angry.png,Crying.png,Determined.png,Dizzy.png,Happy.png,Inspired.png,Joyous.png,Normal.png,Pain.png,Sad.png,Shouting.png,Sigh.png,Special0.png,Special1.png,Special2.png,Stunned.png,Surprised.png,Teary-Eyed.png,Worried.png
0473,0000,0001,0000,Normal.png
0478,0000,0000,0000,Angry.png,Crying.png,Determined.png,Dizzy.png,Happy.png,Inspired.png,Joyous.png,Pain.png,Sad.png,Shouting.png,Sigh.png,Stunned.png,Surprised.png,Teary-Eyed.png,Worried.png
0482,0000,0001,0000,Angry.png,Crying.png,Determined.png,Dizzy.png,Happy.png,Inspired.png,Joyous.png,Normal.png,Pain.png,Sad.png,Shouting.png,Sigh.png,Stunned.png,Surprised.png,Teary-Eyed.png,Worried.png
0487,0001,0000,0000,Angry.png,Crying.png,Determined.png,Dizzy.png,Happy.png,Inspired.png,Joyous.png,Pain.png,Sad.png,Shouting.png,Sigh.png,Stunned.png,Surprised.png,Teary-Eyed.png,Worried.png
0495,0000,0000,0000,Angry.png,Crying.png,Determined.png,Dizzy.png,Happy.png,Inspired.png,Joyous.png,Normal.png,Pain.png,Sad.png,Shouting.png,Sigh.png,Stunned.png,Surprised.png,Teary-Eyed.png,Worried.png
0495,0000,0001,0000,Angry.png,Crying.png,Determined.png,Dizzy.png,Happy.png,Inspired.png,Joyous.png,Normal.png,Pain.png,Sad.png,Shouting.png,Sigh.png,Stunned.png,Surprised.png,Teary-Eyed.png,Worried.png
0496,0000,0001,0000,Angry.png,Crying.png,Determined.png,Dizzy.png,Happy.png,Inspired.png,Joyous.png,Normal.png,Pain.png,Sad.png,Shouting.png,Sigh.png,Special0.png,Stunned.png,Surprised.png,Teary-Eyed.png,Worried.png
0499,0000,0000,0000,Angry.png,Crying.png,Determined.png,Dizzy.png,Happy.png,Inspired.png,Joyous.png,Normal.png,Pain.png,Sad.png,Shouting.png,Sigh.png,Stunned.png,Surprised.png,Teary-Eyed.png,Worried.png
0499,0000,0001,0000,Angry.png,Crying.png,Determined.png,Dizzy.png,Happy.png,Inspired.png,Joyous.png,Normal.png,Pain.png,Sad.png,Shouting.png,Sigh.png,Stunned.png,Surprised.png,Teary-Eyed.png,Worried.png
0503,0001,0000,0000,Angry.png,Crying.png,Determined.png,Dizzy.png,Happy.png,Inspired.png,Joyous.png,Pain.png,Sad.png,Shouting.png,Sigh.png,Stunned.png,Surprised.png,Teary-Eyed.png,Worried.png
0508,0000,0000,0000,Normal.png
0508,0000,0001,0000,Normal.png
0515,0000,0000,0000,Angry.png,Crying.png,Determined.png,Dizzy.png,Happy.png,Inspired.png,Joyous.png,Pain.png,Sad.png,Shouting.png,Sigh.png,Stunned.png,Surprised.png,Teary-Eyed.png,Worried.png
0515,0000,0001,0000,Angry.png,Crying.png,Determined.png,Dizzy.png,Happy.png,Inspired.png,Joyous.png,Normal.png,Pain.png,Sad.png,Shouting.png,Sigh.png,Stunned.png,Surprised.png,Teary-Eyed.png,Worried.png
0516,0000,0000,0000,Angry.png,Crying.png,Determined.png,Dizzy.png,Happy.png,Inspired.png,Joyous.png,Normal.png,Pain.png,Sad.png,Shouting.png,Sigh.png,Special3.png,Stunned.png,Surprised.png,Teary-Eyed.png,Worried.png
0516,0000,0001,0000,Angry.png,Crying.png,Determined.png,Dizzy.png,Happy.png,Inspired.png,Joyous.png,Normal.png,Pain.png,Sad.png,Shouting.png,Sigh.png,Special3.png,Stunned.png,Surprised.png,Teary-Eyed.png,Worried.png
0518,0000,0000,0000,Angry.png,Crying.png,Determined.png,Dizzy.png,Happy.png,Inspired.png,Joyous.png,Normal.png,Pain.png,Sad.png,Shouting.png,Sigh.png,Special0.png,Stunned.png,Surprised.png,Teary-Eyed.png,Worried.png
0518,0000,0001,0000,Angry.png,Crying.png,Determined.png,Dizzy.png,Happy.png,Inspired.png,Joyous.png,Normal.png,Pain.png,Sad.png,Shouting.png,Sigh.png,Special0.png,Stunned.png,Surprised.png,Teary-Eyed.png,Worried.png
0519,0000,0000,0000,Angry.png,Crying.png,Determined.png,Dizzy.png,Happy.png,Inspired.png,Joyous.png,Normal.png,Pain.png,Sad.png,Shouting.png,Sigh.png,Stunned.png,Surprised.png,Teary-Eyed.png,Worried.png
0519,0000,0001,0000,Angry.png,Crying.png,Determined.png,Dizzy.png,Happy.png,Inspired.png,Joyous.png,Normal.png,Pain.png,Sad.png,Shouting.png,Sigh.png,Stunned.png,Surprised.png,Teary-Eyed.png,Worried.png
0520,0000,0000,0000,Normal.png
0520,0000,0001,0000,Normal.png
0521,0000,0000,0000,Normal.png
0521,0000,0001,0000,Normal.png
0521,0000,0001,0002,Normal.png
0521,0000,0000,0002,Normal.png
0523,0000,0000,0000,Normal.png
0523,0000,0001,0000,Normal.png
0524,0000,0000,0000,Normal.png,Normal^.png
0524,0000,0001,0000,Normal.png,Normal^.png
0525,0000,0000,0000,Normal.png,Normal^.png
0525,0000,0001,0000,Normal.png,Normal^.png
0526,0000,0000,0000,Normal.png
0526,0000,0001,0000,Normal.png
0527,0000,0000,0000,Normal.png
0527,0000,0001,0000,Normal.png
0529,0000,0000,0000,Normal.png,Normal^.png,Worried.png,Worried^.png
0529,0000,0001,0000,Normal.png,Normal^.png,Worried.png,Worried^.png
0532,0000,0001,0000,Normal.png
0534,0000,0000,0000,Normal.png
0534,0000,0001,0000,Normal.png
0535,0000,0000,0000,Normal.png
0549,0000,0000,0000,Normal.png,Normal^.png
0549,0000,0001,0000,Normal.png,Normal^.png
0553,0000,0000,0000,Angry.png,Crying.png,Determined.png,Dizzy.png,Happy.png,Inspired.png,Joyous.png,Pain.png,Sad.png,Shouting.png,Sigh.png,Stunned.png,Surprised.png,Teary-Eyed.png,Worried.png
0554,0000,0000,0000,Normal.png
0554,0000,0001,0000,Normal.png
0554,0001,0000,0000,Normal.png
0554,0001,0001,0000,Normal.png
0555,0000,0000,0000,Normal.png
0555,0000,0001,0000,Normal.png
0558,0000,0000,0000,Normal.png,Normal^.png
0558,0000,0001,0000,Normal.png,Normal^.png
0559,0000,0001,0000,Angry.png,Crying.png,Determined.png,Dizzy.png,Happy.png,Inspired.png,Joyous.png,Normal.png,Pain.png,Sad.png,Shouting.png,Sigh.png,Stunned.png,Surprised.png,Teary-Eyed.png,Worried.png
0564,0000,0000,0000,Normal.png
0564,0000,0001,0000,Normal.png
0569,0000,0000,0000,Normal.png,Normal^.png
0569,0000,0001,0000,Normal.png,Normal^.png
0570,0000,0000,0000,Angry.png,Crying.png,Determined.png,Normal.png,Pain.png,Shouting.png,Stunned.png,Surprised.png,Teary-Eyed.png,Worried.png
0573,0000,0000,0000,Normal.png,Normal^.png,Pain.png,Pain^.png,Sad.png,Sad^.png,Teary-Eyed.png,Teary-Eyed^.png,Worried.png,Worried^.png
0573,0000,0001,0000,Normal.png,Normal^.png,Pain.png,Pain^.png,Sad.png,Sad^.png,Teary-Eyed.png,Teary-Eyed^.png,Worried.png,Worried^.png
0578,0000,0000,0000,Normal.png
0579,0000,0000,0000,Determined.png,Happy.png,Normal.png,Pain.png,Sad.png,Sigh.png
0579,0000,0001,0000,Determined.png,Happy.png,Normal.png,Pain.png,Sad.png,Sigh.png
0586,0000,0000,0000,Angry.png,Angry^.png,Crying.png,Crying^.png,Determined.png,Determined^.png,Dizzy.png,Dizzy^.png,Happy.png,Happy^.png,Inspired.png,Inspired^.png,Joyous.png,Joyous^.png,Normal.png,Normal^.png,Pain.png,Pain^.png,Sad.png,Sad^.png,Shouting.png,Shouting^.png,Sigh.png,Sigh^.png,Stunned.png,Stunned^.png,Surprised.png,Surprised^.png,Teary-Eyed.png,Teary-Eyed^.png,Worried.png,Worried^.png
0586,0000,0001,0000,Angry.png,Angry^.png,Crying.png,Crying^.png,Determined.png,Determined^.png,Dizzy.png,Dizzy^.png,Happy.png,Happy^.png,Inspired.png,Inspired^.png,Joyous.png,Joyous^.png,Normal.png,Normal^.png,Pain.png,Pain^.png,Sad.png,Sad^.png,Shouting.png,Shouting^.png,Sigh.png,Sigh^.png,Stunned.png,Stunned^.png,Surprised.png,Surprised^.png,Teary-Eyed.png,Teary-Eyed^.png,Worried.png,Worried^.png
0586,0001,0000,0000,Angry.png,Crying.png,Determined.png,Dizzy.png,Happy.png,Inspired.png,Joyous.png,Normal.png,Pain.png,Sad.png,Shouting.png,Sigh.png,Stunned.png,Surprised.png,Teary-Eyed.png,Worried.png
0586,0001,0001,0000,Angry.png,Crying.png,Determined.png,Dizzy.png,Happy.png,Inspired.png,Joyous.png,Normal.png,Pain.png,Sad.png,Shouting.png,Sigh.png,Stunned.png,Surprised.png,Teary-Eyed.png,Worried.png
0586,0002,0000,0000,Angry.png,Crying.png,Determined.png,Dizzy.png,Happy.png,Inspired.png,Joyous.png,Normal.png,Pain.png,Sad.png,Shouting.png,Sigh.png,Stunned.png,Surprised.png,Teary-Eyed.png,Worried.png
0586,0002,0001,0000,Angry.png,Crying.png,Determined.png,Dizzy.png,Happy.png,Inspired.png,Joyous.png,Normal.png,Pain.png,Sad.png,Shouting.png,Sigh.png,Stunned.png,Surprised.png,Teary-Eyed.png,Worried.png
0586,0003,0000,0000,Angry.png,Crying.png,Determined.png,Dizzy.png,Happy.png,Inspired.png,Joyous.png,Normal.png,Pain.png,Sad.png,Shouting.png,Sigh.png,Stunned.png,Surprised.png,Teary-Eyed.png,Worried.png
0586,0003,0001,0000,Angry.png,Crying.png,Determined.png,Dizzy.png,Happy.png,Inspired.png,Joyous.png,Normal.png,Pain.png,Sad.png,Shouting.png,Sigh.png,Stunned.png,Surprised.png,Teary-Eyed.png,Worried.png
0589,0000,0000,0000,Angry.png,Crying.png,Determined.png,Dizzy.png,Happy.png,Inspired.png,Joyous.png,Pain.png,Sad.png,Shouting.png,Sigh.png,Special2.png,Stunned.png,Surprised.png,Teary-Eyed.png,Worried.png
0589,0000,0001,0000,Angry.png,Crying.png,Determined.png,Dizzy.png,Happy.png,Inspired.png,Joyous.png,Normal.png,Pain.png,Sad.png,Shouting.png,Sigh.png,Special2.png,Stunned.png,Surprised.png,Teary-Eyed.png,Worried.png
0591,0000,0000,0000,Angry.png,Angry^.png,Crying.png,Crying^.png,Determined.png,Determined^.png,Dizzy.png,Dizzy^.png,Happy.png,Happy^.png,Inspired.png,Inspired^.png,Joyous.png,Joyous^.png,Normal.png,Normal^.png,Pain.png,Pain^.png,Sad.png,Sad^.png,Shouting.png,Shouting^.png,Sigh.png,Sigh^.png,Stunned.png,Stunned^.png,Surprised.png,Surprised^.png,Teary-Eyed.png,Teary-Eyed^.png,Worried.png,Worried^.png
0591,0000,0001,0000,Angry.png,Angry^.png,Crying.png,Crying^.png,Determined.png,Determined^.png,Dizzy.png,Dizzy^.png,Happy.png,Happy^.png,Inspired.png,Inspired^.png,Joyous.png,Joyous^.png,Normal.png,Normal^.png,Pain.png,Pain^.png,Sad.png,Sad^.png,Shouting.png,Shouting^.png,Sigh.png,Sigh^.png,Stunned.png,Stunned^.png,Surprised.png,Surprised^.png,Teary-Eyed.png,Teary-Eyed^.png,Worried.png,Worried^.png
0594,0000,0000,0000,Normal.png
0594,0000,0001,0000,Normal.png
0596,0000,0000,0000,Normal.png
0596,0000,0001,0000,Normal.png
0602,0000,0000,0000,Normal.png
0602,0000,0001,0000,Normal.png
0603,0000,0000,0000,Normal.png
0603,0000,0001,0000,Normal.png
0604,0000,0000,0000,Normal.png
0604,0000,0001,0000,Normal.png
0614,0000,0000,0000,Normal.png
0614,0000,0001,0000,Normal.png
0616,0000,0000,0000,Normal.png
0616,0000,0001,0000,Normal.png
0617,0000,0000,0000,Angry.png,Crying.png,Determined.png,Dizzy.png,Happy.png,Inspired.png,Joyous.png,Pain.png,Sad.png,Shouting.png,Sigh.png,Special2.png,Stunned.png,Surprised.png,Teary-Eyed.png,Worried.png
0617,0000,0001,0000,Angry.png,Crying.png,Determined.png,Dizzy.png,Happy.png,Inspired.png,Joyous.png,Normal.png,Pain.png,Sad.png,Shouting.png,Sigh.png,Special2.png,Stunned.png,Surprised.png,Teary-Eyed.png,Worried.png
0618,0000,0000,0000,Normal.png
0618,0000,0001,0000,Normal.png
0631,0000,0000,0000,Angry.png,Crying.png,Determined.png,Dizzy.png,Happy.png,Inspired.png,Joyous.png,Normal.png,Pain.png,Sad.png,Shouting.png,Sigh.png,Special0.png,Stunned.png,Surprised.png,Teary-Eyed.png,Worried.png
0632,0000,0000,0000,Angry.png,Angry^.png,Crying.png,Crying^.png,Determined.png,Determined^.png,Dizzy.png,Dizzy^.png,Happy.png,Happy^.png,Inspired.png,Inspired^.png,Joyous.png,Joyous^.png,Normal.png,Normal^.png,Pain.png,Pain^.png,Sad.png,Sad^.png,Shouting.png,Shouting^.png,Sigh.png,Sigh^.png,Stunned.png,Stunned^.png,Surprised.png,Surprised^.png,Teary-Eyed.png,Teary-Eyed^.png,Worried.png,Worried^.png
0636,0000,0000,0000,Normal.png
0636,0000,0001,0000,Normal.png
0638,0000,0000,0000,Angry.png,Crying.png,Determined.png,Dizzy.png,Happy.png,Inspired.png,Joyous.png,Normal.png,Pain.png,Sad.png,Shouting.png,Sigh.png,Special0.png,Stunned.png,Surprised.png,Teary-Eyed.png,Worried.png
0638,0000,0001,0000,Angry.png,Crying.png,Determined.png,Dizzy.png,Happy.png,Inspired.png,Joyous.png,Normal.png,Pain.png,Sad.png,Shouting.png,Sigh.png,Special0.png,Stunned.png,Surprised.png,Teary-Eyed.png,Worried.png
0639,0000,0000,0000,Normal.png
0646,0000,0000,0000,Angry.png,Angry^.png,Crying.png,Crying^.png,Determined.png,Determined^.png,Dizzy.png,Dizzy^.png,Happy.png,Happy^.png,Inspired.png,Inspired^.png,Joyous.png,Joyous^.png,Normal.png,Normal^.png,Pain.png,Pain^.png,Sad.png,Sad^.png,Shouting.png,Shouting^.png,Sigh.png,Sigh^.png,Stunned.png,Stunned^.png,Surprised.png,Surprised^.png,Teary-Eyed.png,Teary-Eyed^.png,Worried.png,Worried^.png
0646,0000,0001,0000,Angry.png,Angry^.png,Crying.png,Crying^.png,Determined.png,Determined^.png,Dizzy.png,Dizzy^.png,Happy.png,Happy^.png,Inspired.png,Inspired^.png,Joyous.png,Joyous^.png,Normal.png,Normal^.png,Pain.png,Pain^.png,Sad.png,Sad^.png,Shouting.png,Shouting^.png,Sigh.png,Sigh^.png,Stunned.png,Stunned^.png,Surprised.png,Surprised^.png,Teary-Eyed.png,Teary-Eyed^.png,Worried.png,Worried^.png
0647,0001,0000,0000,Normal.png,Normal^.png
0647,0001,0001,0000,Normal.png
0648,0000,0000,0000,Angry.png,Angry^.png,Crying.png,Crying^.png,Determined.png,Determined^.png,Dizzy.png,Dizzy^.png,Happy^.png,Inspired.png,Inspired^.png,Joyous^.png,Normal^.png,Pain.png,Pain^.png,Sad.png,Sad^.png,Shouting.png,Shouting^.png,Sigh.png,Sigh^.png,Special1.png,Special1^.png,Stunned.png,Stunned^.png,Surprised^.png,Teary-Eyed.png,Teary-Eyed^.png,Worried.png,Worried^.png
0648,0000,0001,0000,Angry.png,Angry^.png,Crying.png,Crying^.png,Determined.png,Determined^.png,Dizzy.png,Dizzy^.png,Happy^.png,Inspired.png,Inspired^.png,Joyous^.png,Normal^.png,Pain.png,Pain^.png,Sad.png,Sad^.png,Shouting.png,Shouting^.png,Sigh.png,Sigh^.png,Special1.png,Special1^.png,Stunned.png,Stunned^.png,Surprised^.png,Teary-Eyed.png,Teary-Eyed^.png,Worried.png,Worried^.png
0648,0001,0000,0000,Angry.png,Angry^.png,Crying.png,Crying^.png,Determined.png,Determined^.png,Dizzy.png,Dizzy^.png,Happy.png,Happy^.png,Inspired.png,Inspired^.png,Joyous.png,Joyous^.png,Normal.png,Normal^.png,Pain.png,Pain^.png,Sad.png,Sad^.png,Shouting.png,Shouting^.png,Sigh.png,Sigh^.png,Special1.png,Special1^.png,Stunned.png,Stunned^.png,Surprised.png,Surprised^.png,Teary-Eyed.png,Teary-Eyed^.png,Worried.png,Worried^.png
0648,0001,0001,0000,Angry.png,Angry^.png,Crying.png,Crying^.png,Determined.png,Determined^.png,Dizzy.png,Dizzy^.png,Happy.png,Happy^.png,Inspired.png,Inspired^.png,Joyous.png,Joyous^.png,Normal.png,Normal^.png,Pain.png,Pain^.png,Sad.png,Sad^.png,Shouting.png,Shouting^.png,Sigh.png,Sigh^.png,Special1.png,Special1^.png,Stunned.png,Stunned^.png,Surprised.png,Surprised^.png,Teary-Eyed.png,Teary-Eyed^.png,Worried.png,Worried^.png
0653,0000,0000,0000,Angry.png,Crying.png,Determined.png,Dizzy.png,Happy.png,Inspired.png,Joyous.png,Normal.png,Pain.png,Sad.png,Shouting.png,Sigh.png,Special0.png,Special3.png,Stunned.png,Surprised.png,Teary-Eyed.png,Worried.png
0653,0000,0001,0000,Angry.png,Crying.png,Determined.png,Dizzy.png,Happy.png,Inspired.png,Joyous.png,Normal.png,Pain.png,Sad.png,Shouting.png,Sigh.png,Special0.png,Special3.png,Stunned.png,Surprised.png,Teary-Eyed.png,Worried.png
0656,0000,0000,0000,Angry.png,Crying.png,Determined.png,Dizzy.png,Happy.png,Inspired.png,Normal.png,Pain.png,Sad.png,Shouting.png,Sigh.png,Special0.png,Stunned.png,Surprised.png,Teary-Eyed.png,Worried.png
0656,0000,0001,0000,Angry.png,Crying.png,Determined.png,Dizzy.png,Happy.png,Inspired.png,Normal.png,Pain.png,Sad.png,Sigh.png,Special0.png,Stunned.png,Surprised.png,Teary-Eyed.png,Worried.png
0658,0000,0000,0000,Happy.png,Happy^.png,Normal.png,Normal^.png,Special1.png
0661,0000,0000,0000,Normal.png
0661,0000,0001,0000,Normal.png
0662,0000,0000,0000,Normal.png
0662,0000,0001,0000,Normal.png
0664,0000,0000,0000,Normal.png
0667,0000,0000,0000,Determined.png,Happy.png,Normal.png,Pain.png,Worried.png
0667,0000,0001,0000,Determined.png,Happy.png,Normal.png,Pain.png,Worried.png
0668,0000,0001,0002,Normal.png
0670,0000,0000,0000,Angry.png,Crying.png,Determined.png,Dizzy.png,Happy.png,Inspired.png,Joyous.png,Normal.png,Pain.png,Sad.png,Shouting.png,Sigh.png,Stunned.png,Surprised.png,Teary-Eyed.png,Worried.png
0670,0000,0001,0000,Angry.png,Crying.png,Determined.png,Dizzy.png,Happy.png,Inspired.png,Joyous.png,Normal.png,Pain.png,Sad.png,Shouting.png,Sigh.png,Stunned.png,Surprised.png,Teary-Eyed.png,Worried.png
0686,0000,0000,0000,Normal.png,Pain.png
0697,0000,0000,0000,Angry.png,Crying.png,Determined.png,Dizzy.png,Happy.png,Inspired.png,Joyous.png,Pain.png,Sad.png,Shouting.png,Sigh.png,Special0.png,Stunned.png,Surprised.png,Teary-Eyed.png,Worried.png
0706,0000,0000,0000,Angry.png,Crying.png,Determined.png,Dizzy.png,Happy.png,Inspired.png,Joyous.png,Normal.png,Pain.png,Sad.png,Shouting.png,Sigh.png,Stunned.png,Surprised.png,Teary-Eyed.png,Worried.png
0706,0000,0001,0000,Angry.png,Crying.png,Determined.png,Dizzy.png,Happy.png,Inspired.png,Joyous.png,Normal.png,Pain.png,Sad.png,Shouting.png,Sigh.png,Stunned.png,Surprised.png,Teary-Eyed.png,Worried.png
0710,0000,0000,0000,Normal.png,Normal^.png
0710,0000,0001,0000,Normal.png,Normal^.png
0711,0000,0000,0000,Angry.png,Crying.png,Determined.png,Dizzy.png,Happy.png,Inspired.png,Joyous.png,Normal.png,Pain.png,Sad.png,Shouting.png,Sigh.png,Stunned.png,Surprised.png,Teary-Eyed.png,Worried.png
0719,0000,0000,0000,Angry.png,Crying.png,Determined.png,Dizzy.png,Happy.png,Inspired.png,Joyous.png,Normal.png,Pain.png,Sad.png,Shouting.png,Sigh.png,Stunned.png,Surprised.png,Teary-Eyed.png,Worried.png
0719,0001,0000,0000,Normal.png
0719,0001,0001,0000,Normal.png
0720,0001,0000,0000,Crying.png,Normal.png
0727,0000,0000,0000,Determined.png,Dizzy.png,Special0.png,Surprised.png,Teary-Eyed.png
0728,0000,0000,0000,Teary-Eyed.png
0728,0000,0001,0000,Teary-Eyed.png
0730,0000,0000,0000,Angry.png,Crying.png,Determined.png,Dizzy.png,Happy.png,Inspired.png,Joyous.png,Normal.png,Pain.png,Sad.png,Shouting.png,Sigh.png,Special1.png,Stunned.png,Surprised.png,Teary-Eyed.png,Worried.png
0730,0000,0001,0000,Angry.png,Crying.png,Determined.png,Dizzy.png,Happy.png,Inspired.png,Joyous.png,Normal.png,Pain.png,Sad.png,Shouting.png,Sigh.png,Special1.png,Stunned.png,Surprised.png,Teary-Eyed.png,Worried.png
0731,0000,0000,0000,Angry.png,Crying.png,Determined.png,Dizzy.png,Happy.png,Inspired.png,Joyous.png,Normal.png,Pain.png,Sad.png,Shouting.png,Sigh.png,Stunned.png,Surprised.png,Teary-Eyed.png,Worried.png
0731,0000,0001,0000,Angry.png,Crying.png,Determined.png,Dizzy.png,Happy.png,Inspired.png,Joyous.png,Normal.png,Pain.png,Sad.png,Shouting.png,Sigh.png,Stunned.png,Surprised.png,Teary-Eyed.png,Worried.png
0740,0000,0000,0000,Angry.png,Crying.png,Determined.png,Dizzy.png,Happy.png,Inspired.png,Joyous.png,Pain.png,Sad.png,Shouting.png,Sigh.png,Stunned.png,Surprised.png,Teary-Eyed.png,Worried.png
0741,0001,0000,0000,Angry.png,Crying.png,Determined.png,Dizzy.png,Happy.png,Inspired.png,Joyous.png,Normal.png,Pain.png,Sad.png,Shouting.png,Sigh.png,Stunned.png,Surprised.png,Teary-Eyed.png,Worried.png
0741,0001,0001,0000,Angry.png,Crying.png,Determined.png,Dizzy.png,Happy.png,Inspired.png,Joyous.png,Normal.png,Pain.png,Sad.png,Shouting.png,Sigh.png,Stunned.png,Surprised.png,Teary-Eyed.png,Worried.png
0755,0000,0000,0000,Stunned^.png
0756,0000,0000,0000,Joyous.png,Normal.png,Special0.png,Surprised.png
0756,0000,0001,0000,Joyous.png,Normal.png,Special0.png,Surprised.png
0760,0000,0000,0000,Normal.png,Special1.png
0765,0000,0000,0000,Angry.png,Crying.png,Determined.png,Dizzy.png,Happy.png,Inspired.png,Joyous.png,Normal.png,Pain.png,Sad.png,Shouting.png,Sigh.png,Stunned.png,Surprised.png,Teary-Eyed.png,Worried.png
0765,0000,0001,0000,Angry.png,Crying.png,Determined.png,Dizzy.png,Happy.png,Inspired.png,Joyous.png,Normal.png,Pain.png,Sad.png,Shouting.png,Sigh.png,Stunned.png,Surprised.png,Teary-Eyed.png,Worried.png
0767,0000,0000,0000,Angry.png,Crying.png,Determined.png,Dizzy.png,Happy.png,Inspired.png,Joyous.png,Normal.png,Pain.png,Sad.png,Shouting.png,Sigh.png,Stunned.png,Surprised.png,Teary-Eyed.png,Worried.png
0767,0000,0001,0000,Angry.png,Crying.png,Determined.png,Dizzy.png,Happy.png,Inspired.png,Joyous.png,Normal.png,Pain.png,Sad.png,Shouting.png,Sigh.png,Stunned.png,Surprised.png,Teary-Eyed.png,Worried.png
0771,0000,0000,0000,Angry.png,Crying.png,Determined.png,Dizzy.png,Happy.png,Inspired.png,Joyous.png,Normal.png,Pain.png,Sad.png,Shouting.png,Sigh.png,Special0.png,Special1.png,Stunned.png,Surprised.png,Teary-Eyed.png,Worried.png
0771,0000,0001,0000,Angry.png,Crying.png,Determined.png,Dizzy.png,Happy.png,Inspired.png,Joyous.png,Normal.png,Pain.png,Sad.png,Shouting.png,Sigh.png,Special0.png,Special1.png,Stunned.png,Surprised.png,Teary-Eyed.png,Worried.png
0777,0000,0000,0000,Special2.png
0777,0000,0001,0000,Angry.png,Crying.png,Determined.png,Dizzy.png,Happy.png,Inspired.png,Joyous.png,Normal.png,Pain.png,Sad.png,Shouting.png,Sigh.png,Special0.png,Special2.png,Stunned.png,Surprised.png,Teary-Eyed.png,Worried.png
0780,0000,0000,0000,Angry.png,Crying.png,Determined.png,Dizzy.png,Happy.png,Inspired.png,Joyous.png,Normal.png,Pain.png,Sad.png,Shouting.png,Sigh.png,Stunned.png,Surprised.png,Teary-Eyed.png,Worried.png
0780,0000,0001,0000,Angry.png,Crying.png,Determined.png,Dizzy.png,Happy.png,Inspired.png,Joyous.png,Normal.png,Pain.png,Sad.png,Shouting.png,Sigh.png,Stunned.png,Surprised.png,Teary-Eyed.png,Worried.png
0782,0000,0000,0000,Angry.png,Crying.png,Determined.png,Dizzy.png,Happy.png,Inspired.png,Joyous.png,Normal.png,Pain.png,Sad.png,Shouting.png,Sigh.png,Stunned.png,Surprised.png,Teary-Eyed.png,Worried.png
0782,0000,0001,0000,Angry.png,Crying.png,Determined.png,Dizzy.png,Happy.png,Inspired.png,Joyous.png,Normal.png,Pain.png,Sad.png,Shouting.png,Sigh.png,Stunned.png,Surprised.png,Teary-Eyed.png,Worried.png
0789,0000,0000,0000,Normal.png
0796,0000,0000,0000,Normal.png
0796,0000,0001,0000,Normal.png
0800,0000,0000,0000,Normal.png,Normal^.png
0800,0000,0001,0000,Normal.png,Normal^.png
0800,0001,0000,0000,Happy.png,Happy^.png,Inspired.png,Inspired^.png,Normal.png,Normal^.png,Pain.png,Pain^.png
0800,0001,0001,0000,Happy.png,Happy^.png,Inspired.png,Inspired^.png,Normal.png,Normal^.png,Pain.png,Pain^.png
0801,0001,0001,0000,Angry.png,Determined.png,Dizzy.png,Inspired.png,Joyous.png,Normal.png,Pain.png,Sad.png,Sigh.png,Special1.png,Stunned.png,Surprised.png,Worried.png
0802,0000,0000,0000,Angry.png,Crying.png,Determined.png,Dizzy.png,Happy.png,Inspired.png,Joyous.png,Normal.png,Pain.png,Sad.png,Shouting.png,Sigh.png,Special0.png,Stunned.png,Surprised.png,Teary-Eyed.png,Worried.png
0802,0000,0001,0000,Angry.png,Crying.png,Determined.png,Dizzy.png,Happy.png,Inspired.png,Joyous.png,Normal.png,Pain.png,Sad.png,Shouting.png,Sigh.png,Special0.png,Stunned.png,Surprised.png,Teary-Eyed.png,Worried.png
0812,0000,0000,0000,Normal.png
0812,0000,0001,0000,Normal.png
0819,0000,0000,0000,Normal.png
0820,0000,0000,0000,Normal.png
0820,0000,0001,0000,Normal.png
0821,0000,0000,0000,Normal.png,Special1.png
0821,0000,0001,0000,Normal.png,Special1.png
0822,0000,0000,0000,Angry.png,Crying.png,Determined.png,Dizzy.png,Happy.png,Inspired.png,Joyous.png,Normal.png,Pain.png,Sad.png,Shouting.png,Sigh.png,Stunned.png,Surprised.png,Teary-Eyed.png,Worried.png
0822,0000,0001,0000,Angry.png,Crying.png,Determined.png,Dizzy.png,Happy.png,Inspired.png,Joyous.png,Normal.png,Pain.png,Sad.png,Shouting.png,Sigh.png,Stunned.png,Surprised.png,Teary-Eyed.png,Worried.png
0823,0000,0000,0000,Angry.png,Crying.png,Determined.png,Dizzy.png,Happy.png,Inspired.png,Joyous.png,Normal.png,Pain.png,Sad.png,Shouting.png,Sigh.png,Special0.png,Stunned.png,Surprised.png,Teary-Eyed.png,Worried.png
0841,0000,0000,0000,Angry.png
0841,0001,0000,0000,Normal.png
0841,0001,0001,0000,Normal.png
0844,0000,0000,0000,Angry.png,Crying.png,Determined.png,Dizzy.png,Happy.png,Inspired.png,Joyous.png,Normal.png,Pain.png,Sad.png,Shouting.png,Sigh.png,Stunned.png,Surprised.png,Teary-Eyed.png,Worried.png
0844,0000,0001,0000,Angry.png,Crying.png,Determined.png,Dizzy.png,Happy.png,Inspired.png,Joyous.png,Normal.png,Pain.png,Sad.png,Shouting.png,Sigh.png,Stunned.png,Surprised.png,Teary-Eyed.png,Worried.png
0856,0000,0000,0000,Angry.png,Crying.png,Determined.png,Dizzy.png,Happy.png,Inspired.png,Joyous.png,Normal.png,Pain.png,Sad.png,Shouting.png,Sigh.png,Stunned.png,Surprised.png,Teary-Eyed.png,Worried.png
0857,0000,0000,0000,Normal.png,Normal^.png
0877,0000,0000,0000,Angry.png,Angry^.png,Crying.png,Crying^.png,Determined.png,Determined^.png,Dizzy.png,Dizzy^.png,Happy.png,Happy^.png,Inspired.png,Inspired^.png,Joyous.png,Joyous^.png,Normal.png,Normal^.png,Pain.png,Pain^.png,Sad.png,Sad^.png,Shouting.png,Shouting^.png,Sigh.png,Sigh^.png,Stunned.png,Stunned^.png,Surprised.png,Surprised^.png,Teary-Eyed.png,Teary-Eyed^.png,Worried.png,Worried^.png
0877,0000,0001,0000,Angry.png,Angry^.png,Crying.png,Crying^.png,Determined.png,Determined^.png,Dizzy.png,Dizzy^.png,Happy.png,Happy^.png,Inspired.png,Inspired^.png,Joyous.png,Joyous^.png,Normal.png,Normal^.png,Pain.png,Pain^.png,Sad.png,Sad^.png,Shouting.png,Shouting^.png,Sigh.png,Sigh^.png,Stunned.png,Stunned^.png,Surprised.png,Surprised^.png,Teary-Eyed.png,Teary-Eyed^.png,Worried.png,Worried^.png
0877,0001,0000,0000,Crying.png,Determined.png,Dizzy.png,Happy.png,Inspired.png,Joyous.png,Normal.png,Pain.png,Sad.png,Shouting.png,Sigh.png,Surprised.png,Teary-Eyed.png,Worried.png
0877,0001,0001,0000,Angry.png,Crying.png,Determined.png,Dizzy.png,Happy.png,Inspired.png,Joyous.png,Normal.png,Pain.png,Sad.png,Shouting.png,Sigh.png,Stunned.png,Surprised.png,Teary-Eyed.png,Worried.png
0881,0000,0000,0000,Angry.png,Crying.png,Determined.png,Dizzy.png,Happy.png,Inspired.png,Joyous.png,Normal.png,Pain.png,Sad.png,Shouting.png,Sigh.png,Special0.png,Stunned.png,Surprised.png,Teary-Eyed.png,Worried.png
0884,0001,0000,0000,Normal.png
0885,0000,0000,0000,Happy.png,Joyous.png
0885,0000,0001,0000,Joyous.png
0888,0000,0000,0000,Normal.png,Normal^.png
0888,0000,0001,0000,Normal.png,Normal^.png
0893,0000,0000,0000,Angry.png,Crying.png,Determined.png,Dizzy.png,Happy.png,Inspired.png,Joyous.png,Normal.png,Pain.png,Sad.png,Shouting.png,Sigh.png,Stunned.png,Surprised.png,Teary-Eyed.png,Worried.png
0900,0000,0000,0000,Angry.png,Crying.png,Determined.png,Dizzy.png,Happy.png,Inspired.png,Joyous.png,Normal.png,Pain.png,Sad.png,Shouting.png,Sigh.png,Stunned.png,Surprised.png,Teary-Eyed.png,Worried.png
0901,0001,0000,0000,Angry.png,Angry^.png,Crying.png,Crying^.png,Determined.png,Determined^.png,Dizzy.png,Dizzy^.png,Happy.png,Happy^.png,Inspired.png,Inspired^.png,Joyous.png,Joyous^.png,Normal.png,Normal^.png,Pain.png,Pain^.png,Sad.png,Sad^.png,Shouting.png,Shouting^.png,Sigh.png,Sigh^.png,Special1.png,Special1^.png,Stunned.png,Stunned^.png,Surprised.png,Surprised^.png,Teary-Eyed.png,Teary-Eyed^.png,Worried.png,Worried^.png
0901,0001,0001,0000,Angry.png,Angry^.png,Crying.png,Crying^.png,Determined.png,Determined^.png,Dizzy.png,Dizzy^.png,Happy.png,Happy^.png,Inspired.png,Inspired^.png,Joyous.png,Joyous^.png,Normal.png,Normal^.png,Pain.png,Pain^.png,Sad.png,Sad^.png,Shouting.png,Shouting^.png,Sigh.png,Sigh^.png,Special1.png,Special1^.png,Stunned.png,Stunned^.png,Surprised.png,Surprised^.png,Teary-Eyed.png,Teary-Eyed^.png,Worried.png,Worried^.png
0911,0000,0000,0000,Normal.png
0911,0000,0001,0000,Normal.png
0924,0001,0000,0000,Angry.png,Angry^.png,Crying.png,Crying^.png,Determined.png,Determined^.png,Dizzy.png,Dizzy^.png,Happy.png,Happy^.png,Inspired.png,Joyous.png,Joyous^.png,Normal.png,Normal^.png,Pain.png,Pain^.png,Sad.png,Sad^.png,Shouting.png,Shouting^.png,Sigh.png,Sigh^.png,Special0.png,Special0^.png,Stunned.png,Stunned^.png,Surprised.png,Surprised^.png,Teary-Eyed.png,Worried.png,Worried^.png
0924,0001,0001,0000,Angry.png,Angry^.png,Crying.png,Crying^.png,Determined.png,Determined^.png,Dizzy.png,Dizzy^.png,Happy.png,Happy^.png,Inspired.png,Joyous.png,Joyous^.png,Normal.png,Normal^.png,Pain.png,Pain^.png,Sad.png,Sad^.png,Shouting.png,Shouting^.png,Sigh.png,Sigh^.png,Special0.png,Special0^.png,Stunned.png,Stunned^.png,Surprised.png,Surprised^.png,Teary-Eyed.png,Worried.png,Worried^.png
0924,0002,0000,0000,Angry.png,Angry^.png,Crying.png,Crying^.png,Determined.png,Dizzy.png,Dizzy^.png,Happy.png,Happy^.png,Inspired.png,Inspired^.png,Joyous.png,Joyous^.png,Normal.png,Normal^.png,Pain.png,Sad.png,Shouting.png,Shouting^.png,Sigh.png,Special0.png,Special0^.png,Stunned.png,Stunned^.png,Surprised.png,Surprised^.png,Teary-Eyed.png,Teary-Eyed^.png,Worried.png,Worried^.png
0924,0002,0001,0000,Angry.png,Angry^.png,Crying.png,Crying^.png,Determined.png,Dizzy.png,Dizzy^.png,Happy.png,Happy^.png,Inspired.png,Inspired^.png,Joyous.png,Joyous^.png,Normal.png,Normal^.png,Pain.png,Sad.png,Shouting.png,Shouting^.png,Sigh.png,Special0.png,Special0^.png,Stunned.png,Stunned^.png,Surprised.png,Surprised^.png,Teary-Eyed.png,Teary-Eyed^.png,Worried.png,Worried^.png
0925,0002,0000,0000,Normal.png
0934,0000,0000,0000,Happy.png,Happy^.png,Normal.png,Normal^.png
0934,0000,0001,0000,Happy.png,Happy^.png,Normal.png,Normal^.png
0941,0000,0000,0000,Angry.png,Crying.png,Determined.png,Dizzy.png,Happy.png,Inspired.png,Joyous.png,Normal.png,Pain.png,Sad.png,Shouting.png,Sigh.png,Stunned.png,Surprised.png,Teary-Eyed.png,Worried.png
0941,0000,0001,0000,Angry.png,Crying.png,Determined.png,Dizzy.png,Happy.png,Inspired.png,Joyous.png,Normal.png,Pain.png,Sad.png,Shouting.png,Sigh.png,Stunned.png,Surprised.png,Teary-Eyed.png,Worried.png
0950,0000,0000,0000,Normal.png
0950,0000,0001,0000,Normal.png
0958,0000,0000,0000,Angry.png,Angry^.png,Crying.png,Crying^.png,Determined.png,Determined^.png,Dizzy.png,Dizzy^.png,Happy.png,Happy^.png,Inspired.png,Inspired^.png,Joyous.png,Joyous^.png,Normal.png,Normal^.png,Pain.png,Pain^.png,Sad.png,Sad^.png,Shouting.png,Shouting^.png,Sigh.png,Sigh^.png,Stunned.png,Stunned^.png,Surprised.png,Surprised^.png,Teary-Eyed.png,Teary-Eyed^.png,Worried.png,Worried^.png
0967,0000,0001,0000,Angry.png,Crying.png,Determined.png,Dizzy.png,Happy.png,Inspired.png,Joyous.png,Normal.png,Pain.png,Sad.png,Shouting.png,Sigh.png,Stunned.png,Surprised.png,Teary-Eyed.png,Worried.png
0968,0000,0000,0000,Angry.png,Crying.png,Determined.png,Dizzy.png,Happy.png,Inspired.png,Joyous.png,Pain.png,Sad.png,Shouting.png,Sigh.png,Special0.png,Stunned.png,Surprised.png,Teary-Eyed.png,Worried.png
0969,0000,0000,0000,Determined.png,Happy.png,Pain.png,Surprised.png,Worried.png
0969,0000,0001,0000,Determined.png,Happy.png,Pain.png,Surprised.png,Worried.png
0970,0000,0000,0000,Angry.png,Crying.png,Determined.png,Dizzy.png,Inspired.png,Joyous.png,Pain.png,Sad.png,Sigh.png,Special0.png,Special1.png,Stunned.png,Surprised.png
0980,0000,0000,0000,Joyous.png,Normal.png
0980,0000,0001,0000,Joyous.png,Normal.png
0985,0000,0000,0000,Normal.png,Special0.png
0995,0000,0000,0000,Normal.png,Special0.png
0995,0000,0001,0000,Determined.png,Happy.png,Inspired.png,Normal.png,Special0.png,Special1.png,Teary-Eyed.png
1002,0000,0000,0000,Normal.png,Normal^.png,Shouting.png,Shouting^.png
1002,0000,0001,0000,Normal.png,Normal^.png,Shouting.png,Shouting^.png
1008,0000,0001,0000,Determined.png,Pain.png,Sad.png,Sigh.png,Stunned.png,Worried.png
1010,0000,0000,0000,Normal.png
1010,0000,0001,0000,Normal.png
1015,0000,0000,0000,Happy.png,Happy^.png,Surprised.png,Surprised^.png,Worried.png,Worried^.png
1023,0000,0000,0000,Angry.png,Crying.png,Determined.png,Dizzy.png,Happy.png,Inspired.png,Joyous.png,Normal.png,Pain.png,Sad.png,Shouting.png,Sigh.png,Special0.png,Special1.png,Stunned.png,Surprised.png,Teary-Eyed.png,Worried.png
1023,0000,0001,0000,Angry.png,Crying.png,Determined.png,Dizzy.png,Happy.png,Inspired.png,Joyous.png,Normal.png,Pain.png,Sad.png,Shouting.png,Sigh.png,Special0.png,Special1.png,Stunned.png,Surprised.png,Teary-Eyed.png,Worried.png
1024,0001,0000,0000,Dizzy.png,Dizzy^.png,Worried.png,Worried^.png
1024,0002,0000,0000,Normal.png,Normal^.png,Special1.png,Special1^.png
0000,0000,0000,0000,Normal.png
